sku,description,default_length,default_grade
RM2061406001,Sunbrella USA # 4644 Charcoal Grey หน้ากว้าง 1.18 ม.,-1.0,-
RM2061406002,ผ้า Extra Block True Blue 311079 หน้ากว้าง 3.00 ม.,0.0,-
RM2061406003,ผ้า Solar max สีเทาอ่อน 7001 (Sioen B8000) (630g) หน้ากว้าง 2.50 ม,-1.0,-
RM2061406004,ผ้า Sioen B-6000 (900g) สีเทาอ่อน 7001 หน้ากว้าง 3.00 ม,-1.0,-
RM2061408001,ผ้า Solar Screen สี White - Caramal N-005 หน้ากว้าง 2.50 ม 5%,-1.0,-
RM2061408002,ผ้า Solar Screen สี White/ Dark Ivory N-017 หน้ากว้าง 2.50 ม 5%(หมดแล้วหมดเลย),-1.0,-
RM2061408003,ผ้า Solar Screen สี Brown/Brown N-4545 หน้ากว้าง 2.50 ม 5%,465.7,-
RM2061408004,"ผ้าตาข่ายหมวกเล็ก 56"" สีเทาอ่อน",-1.0,-
RM2061409001,Sunbrella USA # 4648 สีน้ำตาลอ่อน หน้ากว้าง 1.18 ม.,-1.0,-
RM2061409002,Commercial 95 DESSERT SAND # 444983 หน้ากว้าง 3.00 ม. (40 ม./ม้วน),257.06,-
RM2061409003,Commercial 95 NATURAL# 445003 หน้ากว้าง 3.00 ม. (40 ม./ม้วน),473.74,-
RM2061409004,Sunbrella USA # 4608 Black หน้ากว้าง 1.18 ม.,-1.0,-
RM2061409005,KADOR,-1.0,-
RM2061411001,Multitex Granate Ral 3005 Wine Red Colour ( หมดแล้วหมดเลย),47.0,-
RM2061411002,Multitex Gris Oscuro Ral 7037 Dusty Grey Color,0.0,-
RM2061411003,ผ้า Solar max สีเขียว 6001 (Sioen B-8000) (630g) หน้ากว้าง 2.50 ม,-1.0,-
RM2061412001,ผ้า Vinistar Soft UV (PVC) สีส้ม 0.50 mm. หน้ากว้าง 1.37 ม. ยาว 20 เมตร(หมดแล้วหมดเลย),9.0,-
RM2061501001,พลาสติกใส ใน หนา 0.40 มม. หน้ากว้าง 1.37 ม. (45 เมตร/ม้วน),-1.0,-
RM2061501002,ผ้า ORCHESTRA CARBONE U171 หน้ากว้าง 1.20 ม.,-1.0,-
RM2061501003,ผ้า OPERA PAVOTS J066 หน้ากว้าง 1.20 ม.,-1.0,-
RM2061501004,ผ้า OPERA SOHO 8267 หน้ากว้าง 1.20 ม.,-1.0,-
RM2061501005,ผ้า OPERA SOHO 8264 หน้ากว้าง 1.20 ม.,-1.0,-
RM2061501006,ผ้า OPERA PAVOTS J068 หน้ากว้าง 1.20 ม.,-1.0,-
RM2061501007,ผ้า OPERA PAVOTS J069 หน้ากว้าง 1.20 ม.,-1.0,-
RM2061501008,ผ้า OPERA PAVOTS 8813 หน้ากว้าง 1.20 ม.,-1.0,-
RM2061501009,ผ้า OPERA PAVOTS 8814 หน้ากว้าง 1.20 ม.,-1.0,-
RM2061501010,ผ้า OPERA GALET J062 หน้ากว้าง 1.20 ม.,-1.0,-
RM2061501011,ผ้า OPERA GALETS 8818 หน้ากว้าง 1.20 ม.,-1.0,-
RM2061501012,ผ้า OPERA TWILL JEAN J061 หน้ากว้าง 1.20 ม.,-1.0,-
RM2061501013,ผ้า OPERA CUBE J063 หน้ากว้าง 1.20 ม.,-1.0,-
RM2061501014,ผ้า OPERA CUBE J064 หน้ากว้าง 1.20 ม.,-1.0,-
RM2061501015,ผ้า OPERA CUBE J065 หน้ากว้าง 1.20 ม.,-1.0,-
RM2061501016,ผ้า Sioen B-6000 (900g) สีเทาแก่ 7244 หน้ากว้าง 3.00 ม,60.0,-
RM2061501017,ผ้า Solar max สีเลือดหมู 3017 (Sioen B7119 ) (630 g/m2) หน้ากว้าง 2.50 ม,123.3,-
RM2061505001,ผ้าใบ PVC S5 WH2 สีขาว หน้ากว้าง 1.08 ม.,-1.0,-
RM2061505002,SIOEN M5550/250gram,-1.0,-
RM2061505003,ผ้า Sunbrella No. 5453 หน้ากว้าง 1.37 เมตร,-1.0,-
RM2061505004,RAINBLOCK Water Resistant Fabric SAVANNAH GOLD หน้ากว้าง 3.00 ม.,-1.0,-
RM2061506001,ผ้า Solar Max (HANA) Beige 65-027 (580g) หน้ากว้าง 1.55 ม.,-1.0,-
RM2061506002,ผ้าใบ PVC S5 CR1 สีครีม หน้ากว้าง 1.08 ม.,123.0,-
RM2061506003,ผ้าใบ PVC S5 OR1 สีส้ม หน้ากว้าง 1.08 ม.,55.75,-
RM2061506004,ผ้าใบ PVC S5 BL1 สีฟ้าอ่อน หน้ากว้าง 1.08 ม.,-1.0,-
RM2061506005,ผ้าใบ PVC S5 BL4 สีกรมท่า หน้ากว้าง 1.08 ม.,229.6,-
RM2061506006,ผ้าใบ PVC S5 GR3 สีเขียวเข้ม หน้ากว้าง 1.08 ม.,-1.0,-
RM2061506007,Commercial 95 RIVER GUM GREEN # 445027 หน้ากว้าง 3.00 ม. (40 ม./ม้วน),434.0,-
RM2061506008,Commercial 95 BRUNSWICK GREEN # 444952 หน้ากว้าง 3.00 ม. (40 ม./ม้วน),462.2,-
RM2061506009,Commercial 95 STEEL GREY # 445041 หน้ากว้าง 3.00 ม. (40 ม./ม้วน)/,501.6,-
RM2061506010,Commercial 95 AQUATIC BLUE # 444938 หน้ากว้าง 3.00 ม. (40 ม./ม้วน) /,319.4,-
RM2061507001,"ผ้าตาข่ายหมวกเล็ก 56"" สีดำ",-1.0,-
RM2061507002,Sunbrella # 4642-0000 Oyster,0.0,-
RM2061507003,ผ้า Acrylic สีน้ำตาลเข้มสลับสีกากี 016 หน้ากว้าง 1.20 ม(หมดแล้วหมดเลย),6.89,-
RM2061507004,ผ้า Acrylic สีเทาเข้มคาดดำสลับเทาอ่อน 645 หน้ากว้าง 1.20 ม.(หมดแล้วหมดเลย),17.2,-
RM2061507005,ผ้า Acrylic # 016 หน้ากว้าง 1.20 ม.,-1.0,-
RM2061507006,ผ้า Solar max สีครีม 1623 (Sioen B8000)(630g) หน้ากว้าง 2.50 ม. ยาว 65 ม.,465.15,-
RM2061507007,ผ้า Solar max สีหลือง 1025 (Sioen B8000)(630g) หน้ากว้าง 3.20 ม.(หมดแล้วหมดเลย),6.9,-
RM2061507008,ผ้า Solar max สีส้ม 3018 (Sioen B8000)(630g) หน้ากว้าง 2.50 ม. ยาว 65 ม.,-1.0,-
RM2061507009,ผ้า Solar max สีน้ำเงิน 5001 (Sioen B8000)(630g) หน้ากว้าง 3.20 ม. ยาว 65 ม.,48.33,-
RM2061507010,ผ้า Solar max สีแดง 3001 (Sioen B8000)(630g) หน้ากว้าง 3.00 ม. ยาว 65 ม.(หมดแล้วหมดเลย),-1.0,-
RM2061507011,ผ้า Solar max สีเทาเข้ม 7024 (Sioen B8000) (630g) หน้ากว้าง 2.50 ม. ย.65 ม.,487.85,-
RM2061507012,ผ้า Solar max สีบรอนซ์เงิน 7500 (Sioen B8000) (630g) หน้ากว้าง 2.50 ม. ยาว 65 ม.,196.93,-
RM2061507013,ผ้า Solar max สีน้ำตาล 8020 (Sioen B8000) (630g) หน้ากว้าง 2.50 ม. ย.65 ม.,15.68,-
RM2061507014,ผ้า Solar max สีดำ 7999 (Sioen B8000)(630g) หน้ากว้าง 2.50 ม. ยาว 65 ม.,195.0,-
RM2061507015,ผ้า Solar max สีขาว 9002 (Sioen B8000) (630g) หน้ากว้าง 2.50 ม. ยาว 65 ม.,1830.6,-
RM2061508001,ผ้า Ferrari 502-2168 สีอลูมิเนียม หน้ากว้าง 1.80 ม. (40 เมตร),44.3,-
RM2061508002,ผ้า Acrylic สีเขียวอ่อนสลับขาว 569 หน้ากว้าง 1.20 ม.(หมดแล้วหมดเลย),269.0,-
RM2061508003,ผ้า Acrylic สีเทาอ่อนสลับน้ำตาลลาย621 หน้ากว้าง 1.20 ม.(หมดแล้วหมดเลย),0.0,-
RM2061509001,ผ้า Extra Block -Plain Yellow 311098 หน้ากว้าง 3.00 ม.,-1.0,-
RM2061509002,ผ้า Extra Block -Dove Blue 311106 หน้ากว้าง 3.00 ม.,-1.0,-
RM2061509003,ผ้า Extra Block -Purple 311104 หน้ากว้าง 3.00 ม.,-1.0,-
RM2061509004,Style#311108 Peart Onyx Z-Net (Extrablock) Fabrics หน้ากว้าง 3.00 ม.,-1.0,-
RM2061510001,ผ้า Sunbrella fabric Orange # 4609 หน้ากว้าง 1.20 ม.,-1.0,-
RM2061510002,ผ้า Sioen B-6000 (900g) สีขาวมุก 9013 หน้ากว้าง 3.00 ม.,37.0,-
RM2061510003,Commercial 95 CAYENNE # 455255 หน้ากว้าง 3.00 ม. (40 ม./ม้วน),72.82,-
RM2061510004,Commercial 95 CEDAR # 465360 หน้ากว้าง 3.00 ม. (40 ม./ม้วน)หมดแล้วหมดเลย,61.3,-
RM2061510005,ผ้า Furniture Acrylic # R-7100 Beige หน้ากว้าง 1.50 ม.,-1.0,-
RM2061510006,ผ้า Acrylic สีขาว R-099 หน้ากว้าง 1.50 ม,-1.0,-
RM2061511001,Commercial 95 TURQUOISE # 445065 หน้ากว้าง 3.00 ม. (40 ม./ม้วน),596.0,-
RM2061511002,ผ้า Sioen B-6000/1622 หน้ากว้าง 3.00 ม.,53.2,-
RM2061512001,ผ้า ORCHESTRA CHARCOAL TWEED 7330 หน้ากว้าง 1.20 ม. (เทาลาย),-1.0,-
RM2061512004,ผ้า Acrylic เทาลาย R-770 หน้ากว้าง 1.50 ม,-1.0,-
RM2061512005,ผ้า Acrylic สีฟ้าเข้ม N682 หน้ากว้าง 1.53 ม.,-1.0,-
RM2061512006,ผ้า Super PVC T5 สีขาว WH1 หน้ากว้าง 1.07 ม.,-1.0,-
RM2061512007,ผ้า Solar max สีบรอนซ์เงิน 7500 (Sioen B8000) (630g) หน้ากว้าง 3.20 ม. ยาว 65 ม.,-1.0,-
RM2061512008,ผ้า Sioen P-7158 (800g) สีขาว หน้ากว้าง 3.20 ม.,-1.0,-
RM2061601001,ผ้า Acrylic สีเขียวสลับสีน้ำเงิน 521 หน้ากว้าง 1.20 (หมดแล้วหมดเลย),-1.0,-
RM2061601002,ผ้า Sioen T-1101F (725g) สีขาว 9922 หน้ากว้าง 2.50 ม.,-1.0,-
RM2061601003,ผ้า Acrylic สีเทาอ่อนลาย 675 หน้ากว้าง 1.20 ม.,158.32,-
RM2061602001,ผ้า Ferrari SOLTIS 86-2053 ผ้าตาข่ายสีดำ หน้ากว้าง 2.67 ม,-1.0,-
RM2061602002,ผ้า Ferrari SOLTIS W96-2047 สีเทาเข้ม หน้ากว้าง 2.67 ม,-1.0,-
RM2061602003,ผ้า Ferrari SOLTIS 86-2135 ผ้าตาข่ายสีเนื้อ หน้ากว้าง 1.77 ม,-1.0,-
RM2061602004,ผ้า Ferrari SOLTIS 96-1103 ผ้าตาข่ายเล็กสีครีม หน้ากว้าง 2.67 ม,-1.0,-
RM2061602005,ผ้า Ferrari SOLTIS 96-2047 ผ้าตาข่ายเล็กสีเทาเข้ม หน้ากว้าง 2.67 ม,-1.0,-
RM2061602006,ผ้า Ferrari SOLTIS W96-1103 ผ้าตาข่ายเล็กสีครีมอ่อน หน้ากว้าง 2.67 ม,-1.0,-
RM2061602007,ผ้า Ferrari SOLTIS 86-2135 ผ้าตาข่ายสีเนื้อ หน้ากว้าง 2.67 ม,-1.0,-
RM2061603001,ผ้า Ferrari Stam 6002-20184 (630g) สีเขียวเข้ม หน้ากว้าง 2.60 m/50 m.,-1.0,-
RM2061605001,Commercial 95 YELLOW # 445072 หน้ากว้าง 3.00 ม. (40 ม./ม้วน),342.0,-
RM2061605002,Sunbrella Style # 6008 Black หน้ากว้าง 1.52 ม,-1.0,-
RM2061605003,Sunbrella Style # 4648 Taupe หน้ากว้าง 1.18 ม.,-1.0,-
RM2061605004,ผ้า Sioen T-1108F (725g) สีขาว 9909 หน้ากว้าง 2.50 ม/ย.64 ม.,-1.0,-
RM2061606001,ผ้าอะคริลิค RECACRIL 103 NEGRO/BLACK หน้ากว้าง 1.20 ม,-1.0,-
RM2061606002,ผ้า Ferrari 832-1071 Light Grey หน้ากว้าง 2.70 ม.,-1.0,-
RM2061606003,ผ้า Solar max สีเหลือง 1025 (Sioen B8000) (630g) หน้ากว้าง 2.50 ม 65 m.(หมดแล้วหมดเลย),143.3,-
RM2061606004,ผ้า Solar max สีน้ำเงิน 5001 (Sioen B8000)(630g) หน้ากว้าง 2.50 ม. ยาว 65 ม,65.25,-
RM2061608001,ผ้า Solar max สีเขียว 6001 (Sioen B8000) (630g) หน้ากว้าง 3.20 ม ยาว 65 ม.,205.47,-
RM2061608002,ผ้า Solar max สีแดง 3001 (Sioen B8000) (630g)หน้ากว้าง 3.20 ม. ยาว 65 ม (หมดแล้วหมดเลย),-1.0,-
RM2061609001,Sunbrella Style # 4604 Natural หน้ากว้าง 1.18 ม.,-1.0,-
RM2061610001,ผ้า Sioen B-7189 สีขาว 9002 หน้ากว้าง 2.50 ม.,-1.0,-
RM2061611001,ผ้า Acrylic สีครีมคาดขาวลายไม้ 551 หน้ากว้าง 1.20 ม.(หมดแล้วหมดเลย),0.0,-
RM2061611002,ผ้า Acrylic สีดำลาย 677 หน้ากว้าง 1.20 ม.,900.08,-
RM2061611003,ผ้า Fairtex (HIGH CLASS FABRICS) กว้าง 0.80 ม. NUS109 (สีขาว),-1.0,-
RM2061612001,ผ้าอะคริลิค สีขาว-น้ำเงิน NO.016 หน้ากว้าง 1.20 ม./59.93หลา),-1.0,-
RM2061701001,ผ้าอะคริลิค RECACRIL LTDO.830 UTIEL/เขียวสลับครีม หน้ากว้าง 1.20 ม,-1.0,-
RM2061703001,ผ้า Solar max สีขาว 9002 (Sioen B8000) (630g) หน้ากว้าง 3.00 ม. ยาว 65 เมตร,-1.0,-
RM2061703002,พลาสติกใส ใน หนา 0.50 มม. หน้ากว้าง 1.37 ม. (45 เมตร/ม้วน),-1.0,-
RM2061704001,Sunbrella Plus Limen 5050 หน้ากว้าง 1.20 ม.,-1.0,-
RM2061705001,ผ้า Sioen T0108F/T0117F(650g) สีขาว 9909 หน้ากว้าง 2.50 ม ยาว 65 ม.,-1.0,-
RM2061705002,ผ้าตาข่ายกันยุงสีดำ ยาว 50 ม.,-1.0,-
RM2061706001,ผ้า Acrylic สีกาแฟสลับสีส้ม 524 หน้ากว้าง 1.20 ม. (หมดแล้วหมดเลย),107.7,-
RM2061706002,ผ้า Acrylic สีลายแดงเทาส้ม 662 หน้ากว้าง 1.20 ม.(หมดแล้วหมดเลย),61.15,-
RM2061707001,ผ้า Sioen B-6997/1622 หน้ากว้าง 3.00 ม. ยาว 50 เมตร (สีเบจ),-1.0,-
RM2061707002,ผ้า Sioen B-7465 (450g) สีขาว 9917 หน้ากว้าง 2.50 ม. ยาว 65.00 ม.,2766.3,-
RM2061708001,Sunbrella Style # 4615 SMOKE หน้ากว้าง 1.18 ม.,-1.0,-
RM2061710001,Tarpaulin PVC coated 600g - 0.45 mm (W:1.12m*L:100m) White #8346,-1.0,-
RM2061710002,ผ้า Sunbrella Furniture foster-Classic 56050-0000 หน้ากว้าง 1.50 ม.,-1.0,-
RM2061710003,ผ้า Sioen P-7450 สีขาว 9917 หน้ากว้าง 2.81 ม.,-1.0,-
RM2061711001,ผ้า Acrylic สีเขียวลายทาง 483 หน้ากว้าง 1.40 ม.(หมดแล้วหมดเลย),-1.0,-
RM2061711002,ผ้า PVC สีขาว (W801) หน้ากล้าง 1.50 ม ยาว 54 เมตร,-1.0,-
RM2061712001,ผ้า Sioen P-7450 (450g) สีขาว 9917 หน้ากว้าง 2.49 ม,-1.0,-
RM2061712002,ผ้า PVC สีขาว WH-002/420D (18*17) หนา 0.45 ม.หน้ากว้าง 42 / 1.08 ม. (A),-1.0,-
RM2061805001,ผ้า PVC โปร่งแสง Solar View สีโอรส หน้ากว้าง 1.50 m.,40.7,-
RM2061805002,ผ้า PVC โปร่งแสง Solar View สีเหลือง หน้ากว้าง 1.50 m.,72.8,-
RM2061805003,ผ้า Ferrari 302-50331 สีเทาอ่อน หน้ากว้าง 1.80 ม./ย. 15 ม.,3.6,-
RM2061805004,ผ้า Ferrari 505 -White Color Standard Roll หน้ากว้าง 2.70 ม.,50.0,-
RM2061805005,ผ้า Sioen T2118FA (1050g) สีขาว 9909 หน้ากว้าง 3.00 ม/ย.100 ม.,705.7,-
RM2061807001,ผ้า Ferrari 1002-8636S2 สีขาว หน้ากว้าง 2.67 ม. ยาว 50 เมตร/70 เมตร/35 เมตร,106.53,-
RM2061807002,ผ้า Ferrari 302-50377 Hemp หน้ากว้าง 1.80 ม./ย.15 ม.,15.0,-
RM2061807003,ผ้า Ferrari 302-50378 Anthracite หน้ากว้าง 1.80 ม./ย.15 ม.,15.0,-
RM2061807004,ผ้า Sioen E1224/3188 สีส้ม (1200g). หน้ากว้าง 2.50 ม.,-1.0,-
RM2061808001,ผ้าใบ PVC SOLAR VIEW สีน้ำตาล K-559 หนา 0.5 mm. หน้ากว้าง 1.50 ม.,1500.6,-
RM2061808002,ผ้า PVC #1000D สีขาว กว้าง 1.50 ม.,-1.0,-
RM2061810001,ผ้า Sioen T1108/T1117F (725g) สีขาว 9909 หน้ากว้าง 2.50 ม. ยาว100 ม.,10.0,-
RM2061810002,ผ้า Solar max สีขาว 9002 (Sioen B8064) (630g) หน้ากว้าง 2.50 ม. ยาว 65 ม.,-1.0,-
RM2061810003,ผ้า Solar max สีดำ 7999 (Sioen B8064)(630g) หน้ากว้าง 2.50 ม. ยาว 65 ม.(หมดแล้วหมดเลย),88.5,-
RM2061811001,ผ้า Vinistar Super (PVC) สีใส 1.00 mm. หน้ากว้าง 1.37 ม./ยาว 30 m.,-1.0,-
RM2061811002,ผ้า Vinistar LS 0.75 mm.x137cm.x30 m./roll,-1.0,-
RM2061811003,ผ้าอะคริลิค RECACRIL R-161 Gris Gray หน้ากว้าง 1.20 ม,-1.0,-
RM2061811004,ผ้า PVC SUPER SLIM สีเขียวหัวเป็ด หน้ากว้าง 1.83 ม. ยาว 18 ม. (สินค้าตัวอย่าง),-1.0,-
RM2061901001,Sunbrella Style # 4654 Limen Tweed หน้ากว้าง 1.18 ม,-1.0,-
RM2061902001,ผ้าสานสีขาว/หน้าเดียว (63 เมตร/ม้วน),-1.0,-
RM2061902002,ผ้า Polyester 100% Oxford 210D x 210D Dk.Grey (PU. Coat) หน้ากว้าง 1.55 ม.ยาว 135 เมตร,-1.0,-
RM2061903001,ผ้า Solar Screen สี Black/Pearl N-930 หน้ากว้าง 3.00 เมตร 5%,-1.0,-
RM2061905001,ผ้า Solar max สีเทาเข้ม 7024 (Sioen B8064) (630g) หน้ากว้าง 2.50 ม. ยาว 65 ม.,-1.0,-
RM2061905002,ผ้า Solar max สีน้ำตาล 8020 (Sioen B8000) (630g) หน้ากว้าง 2.50 ม. ยาว 65 ม.,76.0,-
RM2061905003,ผ้า Solar max สีส้ม 3018 (Sioen B8064) (630g) หน้ากว้าง 2.50 ม. ยาว 65 ม.,-1.0,-
RM2061905004,ผ้า Solar max สีเทาอ่อน 7001 (Sioen B8064) (630g) หน้ากว้าง 2.50 ม. ยาว 65 ม.,176.5,-
RM2061905005,Commercial 95 GUN METAL # 455262 หน้ากว้าง 3.00 ม. (40 ม./ม้วน),-1.0,-
RM2061906001,ผ้าใบ STAR BOARD Q105 หน้ากว้าง 2.44 ม. ยาว 25 เมตร/ม้วน,-1.0,-
RM2061906002,ผ้า Ferrari 402-8035R (BLUE WHITE)หน้ากว้าง 1.80 ม./ย.50 ม.,102.1,-
RM2061906003,ผ้า Ferrari 402-8014R (BLUE WHITE)หน้ากว้าง 1.80 ม./ย.50 ม.,-1.0,-
RM2061907001,ผ้า PVC โปร่งแสง Solar View สีขาวใส 101 หน้ากว้าง 1.55 m. (แบบบาง),-1.0,-
RM2061908001,ผ้า Solar Sand K-2128T (LW45) สีเลือดหมู หนา 50mm. หน้ากว้าง 2.04cm. ยาว 10 เมตร,0.0,-
RM2061908002,ผ้า Solar Sand K-8123T (LW45) สีเทา หนา 50mm. หน้ากว้าง 2.04cm. ยาว 10 เมตร,0.0,-
RM2061909001,ผ้า PVC สีเขียวแก่ ขนาด ก.2.04*100 ม./ม้วน,-1.0,-
RM2061909002,ผ้า PVC สีเทาเข้ม ขนาด ก.2.04*100 ม./ม้วน,-1.0,-
RM2061909003,ผ้า PVC สีเทาอ่อน ขนาด ก.2.04*100 ม. / ม้วน,-1.0,-
RM2061909004,ผ้า PVC สีเลือดหมู ขนาด ก.2.04*100 ม./ม้วน,-1.0,-
RM2061909005,ผ้า PVC สีครีม ขนาด ก.2.04*100 ม./ม้วน,-1.0,-
RM2061909006,ผ้า PVC สีน้ำตาล ขนาด ก.2.04*100 ม./ม้วน,-1.0,-
RM2061909007,ผ้า PVC สีน้ำเงิน ขนาด ก.2.04*100 ม./ม้วน,-1.0,-
RM2061909008,ผ้า Solar max สีครีม 1623 (Sioen B8064)(630g) หน้ากว้าง 2.50 ม. ยาว 65 ม.(หมดแล้วหมดเลย),14.0,-
RM2061910001,Sunbrella Style # 4988 Cooper Black หน้ากว้าง 1.18 ม.,8.8,-
RM2061910002,ผ้า Sioen B7465 (450g) สีขาว 9002 หน้ากว้าง 2.50 ม. ยาว 65.00 ม.,-1.0,-
RM2061910003,ผ้า Solar Sand สีเขียวแก่ Forest Green 6687/F-014 W 2.04 m.x 100 m./R.,400.0,-
RM2061910004,ผ้า Solar Sand สีเทาอ่อน Earth Grey 6088/E-005 W 2.04 m.x 100 m./R.,1450.3,-
RM2061910005,ผ้า Solar Sand สีเทาเข้ม Deep Grey 8203/D-055 W 2.04 m.x 100 m./R.,1019.0,-
RM2061910006,ผ้า Solar Sand สีน้ำตาล Olive Brown 4621/O-026 W 2.04 m.x 100 m./R.,1455.0,-
RM2061910007,ผ้า Solar Sand สีน้ำเงิน Navy Blue 6022/N-041 W 2.04 m.x 100 m./R.,1600.0,-
RM2061910008,ผ้า Solar Sand สีเลือดหมู Burgundy 8206/B-333 W 2.04 m.x 100 m./R.,1617.9,-
RM2061911001,Canvas-F Fal -T250119,-1.0,-
RM2061911002,ผ้า Sioen T0108FA/T0117FA(650g) สีขาว 9909 หน้ากว้าง 3.00 ม ยาว 100 ม.,1061.0,-
RM2061911003,ผ้า Sioen B-7466 (450g) สีขาว 9917 หน้ากว้าง 2.50 ม. ยาว 65.00 ม.,-1.0,-
RM2061912001,ผ้า Solar Screen สี White - Grey N-003 หน้ากว้าง 3.00 ม 5%,315.0,-
RM2061912002,ผ้า Ferrari 1002-3399S2 สีขาว หน้ากว้าง 1.78 ม. ยาว 50 เมตร/42 เมตร (โปร่งแสง),41.5,-
RM2062001001,ผ้ากระสอบดิบไม่เคลือบ หน้ากว้าง 1.25 ม. (49'') ยาว 101.50 เมตร,-1.0,-
RM2062002001,ผ้า Solar Screen สี White P111 หน้ากว้าง 2.50 ม 1% / JV2001071,-1.0,-
RM2062002002,ผ้า Solar Screen สี White P501 หน้ากว้าง 2.50 ม 5%,-1.0,-
RM2062002003,ผ้า Solar Screen สี Black/Bronze N-945 หน้ากว้าง 3.00 เมตร 5%,-1.0,-
RM2062004001,ผ้า Ferrari SOLTIS 92-2045 หน้ากว้าง 1.77 ม,5.45,-
RM2062006001,ผ้าสานสีน้ำเงิน/สองหน้า (63 เมตร/ม้วน),378.0,-
RM2062007001,ผ้า Solar Sand สีครีม W 3.20 m.x 50 m./R.,38.0,-
RM2062008001,ผ้า Sioen T0108F/T0117F(650g) สีขาว 9909F หน้ากว้าง 3.00 ม ยาว 100 ม.(หมดแล้วหมดเลย),176.06,-
RM2062011001,4798 Burgundy / Black / White Fabric Width 46'',-1.0,-
RM2062011002,Commercial 95 NAVY BLUE # 445010 หน้ากว้าง 3.00 ม. (40 ม./ม้วน),-1.0,-
RM2062011003,Commercial 95 SKY BLUE # 445034 หน้ากว้าง 3.00 ม. (40 ม./ม้วน),-1.0,-
RM2062012002,ผ้า 600D-F 60'' x 50 หลา (เขียวสด),-1.0,-
RM2062012003,ผ้า Solar Screen 180Tex สี Black/Pearl N-930 หน้ากว้าง 3.00 เมตร 5% (หมดแล้วหมดเลย),-1.0,-
RM2062012004,ผ้า Solar Screen 180Tex สี Black/Bronze N-945 หน้ากว้าง 3.00 เมตร 5%,-1.0,-
RM2062101001,ผ้า Acrylic #2227 หน้ากว้าง 1.50 ม.,0.0,-
RM2062101002,ผ้า Sioen T2118F (1050g) สีขาว 9909 หน้ากว้าง 2.50 ม/ย.65 ม.,-1.0,-
RM2062101003,ผ้า Sioen T1108/T1117F (725g) สีขาว 9909F หน้ากว้าง 3.00 ม ย.100 ม./,722.25,-
RM2062101004,ผ้า Sioen T2118F (1050g) สีขาว 9909 หน้ากว้าง 3.00 ม/ย.100 ม.,600.0,-
RM2062102001,Print Tent Fabric 260g/sqm size 17.05 x 2.00m /34.10sqm. (Project SHOP D-SS),-1.0,-
RM2062102002,Print Supralon fabric 110g/sqm. w.6.60m. x 2.30 m. /15.18sqm. (Project บ.ฤทธา ),-1.0,-
RM2062102003,Print Supralon fabric 110g/sqm. w.6.20m. x 2.30 m. /14.26sqm. (Project บ.ฤทธา ),-1.0,-
RM2062102004,Print Supralon fabric 110g/sqm. w.5.80m. x 2.30 m. /13.34sqm. (Project บ.ฤทธา ),-1.0,-
RM2062102005,Sunbrella Plus Carbone 5015 หน้ากว้าง 1.20 ม./ ยาว 60 เมตร,-1.0,-
RM2062102006,ผ้า Sunbrella Acrylic Sualeda 8487 Antracita หน้ากว้าง 1.53 เมตร,0.0,-
RM2062103001,ผ้า Ferrari Stam 6002-10387 สีวานิลา หน้ากว้าง 2.60 m/38 m.,-1.0,-
RM2062103002,Sunbrella Style # 602749 TAUPE/ Mineral AGORA NAUTIC RIOJA หน้ากว้าง 1.53m.,-1.0,-
RM2062103003,ผ้า Sioen E1224/3188 สีส้ม (1200g). ขนาด 1.00x50 m. (18ม้วน),900.0,-
RM2062103004,ผ้า Sioen E1224/3188 สีส้ม (1200g). ขนาด 1.45x20 m. (1 ม้วน),20.0,-
RM2062103005,ผ้า Sioen E1224/3188 สีส้ม (1200g). ขนาด 1.43x25 m. (1 ม้วน),-1.0,-
RM2062103006,ผ้าอะคริลิค RECACRIL R-138 NUBE/CADEY GREY หน้ากว้าง 1.20 ม,-1.0,-
RM2062106001,Sunbrella Plus 5382 หน้ากว้าง 1.20 ม.,-1.0,-
RM2062106002,Sunbrella Plus 5386 หน้ากว้าง 1.20 ม.,-1.0,-
RM2062106003,ผ้า PVC โปร่งแสง Solar View สีขาวใส 101 หน้ากว้าง 1.50 m.,-1.0,-
RM2062106004,ผ้า Acrylic #2717 หน้ากว้าง 1.50 ม.,0.0,-
RM2062108001,ผ้าอะคริลิค RECACRIL R-115 CREMA/CREAM หน้ากว้าง 1.20 ม,-1.0,-
RM2062108002,ผ้าใบคูนีล่อน สีเทาอ่อน No.8000 หน้ากว้าง 45'' ( 1.14 เมตร) K813,-1.0,-
RM2062109001,Sunbrella Plus Limen Tweed 6054หน้ากว้าง 1.50 ม.,-1.0,-
RM2062110001,Commercial 95 BLACK # 444945 หน้ากว้าง 3.00 ม. (40 ม./ม้วน),140.0,-
RM2062110002,ผ้า Ferrari 381-50708 สีขาว หน้ากว้าง 2.67 ม. ยาว 23 เมตร/28 เมตร/25 เมตร,-1.0,-
RM2062110003,LONA MASACRIL STRIPES 2359 AZUL REAL/N 120 cm. / น้ำเงินสลับขาว,-1.0,-
RM2062110004,"ผ้า Ferrari 832 -1051 BLUE หน้ากว้าง 2.70 ม./ ยาว 7 เมตร, 8 เมตร (JV2110049)",-1.0,-
RM2062112001,Commercial Heavy 430gsm./ 3.00x40M Dessert sand 484309,43.7,-
RM2062112002,Commercial Heavy 430gsm. / 3.00x40M Steel Grey 484408,138.0,-
RM2062112003,Commercial DualShade 350gsm./ 3.00x40M Savanna 492724,272.95,-
RM2062112004,Commercial DualShade 350gsm. / 3.00x40M Cobblestone 491178,0.0,-
RM2062201001,Commercial 95 CHARCOAL # 444969 หน้ากว้าง 3.00 ม. (40 ม./ม้วน),-1.0,-
RM2062201002,ผ้า SUNSCREEN 5% A-4007 สีขาว/สีดำ ขนาด 2.50 x 8.50 ม./ 21.25 ตร.ม.,-1.0,-
RM2062202001,"ผ้า Ferrari 912-8861S2 สีครีมไข่ไก่ หน้ากว้าง 2.67 ม./ ยาว 15 เมตร, 16 เมตร ( K.เฟรด)",15.7,-
RM2062202002,ผ้า Ferrari 6002-20329 สีเบจ หน้ากว้าง 2.60 m/50 m.,-1.0,-
RM2062202003,LONA MASACRIL SOLIDS 1069 OPTIK 120 cm. / สีขาว,-1.0,-
RM2062202004,ผ้าอะคริลิค RECACRIL R-171 TURQUESA หน้ากว้าง 1.20 ม,-1.0,-
RM2062204001,ผ้าอะคริลิค #2422 สีกาแฟ หน้ากว้าง 1.20 ม.,-1.0,-
RM2062204002,ผ้าอะคริลิค #2434 กาแฟ หน้ากว้าง 153 ม.,0.0,-
RM2062204003,ผ้า Ferrari 381-3127 หน้ากว้าง 2.67 ม.,-1.0,-
RM2062204005,ผ้า Ferrari 402-8274R (RED / WHITE)หน้ากว้าง 1.80 ม./ย.50 ม.,-1.0,-
RM2062204006,Docril Plus Acrylic Fabric # Cafe 005 หน้ากว้าง 1.20 ม. ย.60 เมตร (กันน้ำ),-1.0,-
RM2062204007,LONA MASACRIL SOLIDS 3588 OPTIK หน้ากว้าง 1.53 m. ผ้าแข็ง,-1.0,-
RM2062204008,ผ้า Solar Screen สี White - Beige หน้ากว้าง 2.50 ม 1% / JV2204086,-1.0,-
RM2062204009,ผ้า Acrylic สีกาแฟ 005 หน้ากว้าง 1.53 ม.,-1.0,-
RM2062205001,ผ้า SUNSCREEN 5% สี Grey/Black (SC-A1-510) หน้ากว้าง 2.50 เมตร ยาว 30 เมตร/ม้วน,150.0,-
RM2062206001,ผ้า Acrylic สีน้ำตาลลาย 113 หน้ากว้าง 1.53 ม.,11.75,-
RM2062206002,ผ้า Acrylic สีเทาเข้ม 098 หน้ากว้าง 1.33 ม.(98*3),-1.0,-
RM2062206003,Sunbrella SEASONS 1020 LINEN 150 cm.,-1.0,-
RM2062207001,ผ้า Solar max สีส้ม 3018 (Sioen B6000) (900g) หน้ากว้าง 3.00 ม. ยาว 60 ม.,132.0,-
RM2062207002,ผ้า Ferrari 381-3123 SAND BEIGE หน้ากว้าง 2.67 ม.,0.0,-
RM2062207003,ผ้า Ferrari 702-8604S2 สีขาว หน้ากว้าง 2.67 ม.,113.0,-
RM2062207004,ผ้า Ferrari 502-8604S2 สีขาว หน้ากว้าง 2.67 ม.,151.0,-
RM2062208001,ผ้า Solar max สีส้ม 3021 (Sioen B6000) (900g) หน้ากว้าง 3.00 ม. ยาว 58 ม.,1044.0,-
RM2062208002,ผ้า Acrylic Sauleda สี Gris เทาอ่อน (SR 8271) หน้ากว้าง 1.20 ม. ยาว 60 เมตร,22.8,-
RM2062208003,ผ้า Acrylic Sauleda สี Antracita เทาเข้ม(SR 1552) หน้ากว้าง 1.20 ม. ยาว 60 เมตร,0.0,-
RM2062208004,ผ้า Acrylic Sauleda สี Blanco สีขาว (SR 8268) หน้ากว้าง 1.20 ม. ยาว 60 เมตร,0.0,-
RM2062208005,ผ้า Acrylic Sauleda สีน้ำตาล Apricot (1480) หน้ากว้าง 1.20 ม. ยาว 60 เมตร(หมดแล้วหมดเลย),150.9,-
RM2062208006,ผ้า Acrylic Sauleda สีช็อคโกแลต Chocolat (1481) หน้ากว้าง 1.20 ม. ยาว 60 เมตร( หมดแล้วหมดเลย),565.6,-
RM2062208007,ผ้า Acrylic Sauleda สีเหลือง Amarillo (2013) หน้ากว้าง 1.20 ม. ยาว 60 เมตร( หมดแล้วหมดเลย),180.0,-
RM2062208008,ผ้า Acrylic Sauleda สีกากี Beige (2038) หน้ากว้าง 1.20 ม.,-1.0,-
RM2062208009,ผ้า Acrylic Sauleda สีขาว Blanco (2042) หน้ากว้าง 1.20 ม. ยาว 60 เมตร( หมดแล้วหมดเลย ),345.04,-
RM2062208010,ผ้า Acrylic Sauleda สีแดง Brasserie (2209) หน้ากว้าง 1.20 ม. ยาว 60 เมตร,201.0,-
RM2062208011,ผ้า Acrylic Sauleda สีเทาเข้ม Basalto (2327) หน้ากว้าง 1.20 ม. ยาว 60 เมตร( หมดแล้วหมดเลย),37.33,-
RM2062208012,ผ้า Acrylic Sauleda สีเทาอ่อน Perla (2979) หน้ากว้าง 1.20 ม. ยาว 60 เมตร,1423.2,-
RM2062208013,ผ้า Acrylic Sauleda สีน้ำตาลลาย Tweed Avena (3580) หน้ากว้าง 1.20 ม. ยาว 60 เมตร,587.92,-
RM2062208014,ผ้า Acrylic Sauleda สีเทาลาย Tweed Gris Claro (3581) หน้ากว้าง 1.20 ม. ยาว 60 เมตร(หมดแล้วหมดเลย),67.85,-
RM2062209001,ผ้า Acrylic สีขาวสลับสีดำ 014 FR หน้ากว้าง 1.20 ม.,170.7,-
RM2062211001,ผ้า Solar Screen GREY W.3.00M,-1.0,-
RM2062211002,LONA MASACRIL SOLIDS 1066 LOGO RED 120 cm. / สีแดง,-1.0,-
RM2062211003,ผ้า Solar Screen สี White - Grey DN-003 หน้ากว้าง 2.50 ม 3%(หมดแล้วหมดเลย),45.0,-
RM2062211004,ผ้าอะคริลิค RECACRIL R-177 BURDEOS/BURGUNDY หน้ากว้าง 1.50 ม /ผ้าแข็ง,-1.0,-
RM2062211005,G325 Shade Cloth - of White 3m x 50m /สีครีมงาช้าง 499884,425.0,-
RM2062211006,Commercial 95 BRIGHT GREEN สีเขียวสด # 459208 หน้ากว้าง 3.00 ม. (40 ม./ม้วน),39.7,-
RM2062211007,ผ้าอะคริลิค RECACRIL 102 VERDE MUSGO FOREST GREEN หน้ากว้าง 1.20 ม,-1.0,-
RM2062211008,ผ้าอะคริลิค RECACRIL 102 VERDE MUSGO FOREST GREEN หน้ากว้าง 1.53 ม,-1.0,-
RM2062212001,ผ้า Ferrari 502-2135C สีเบจ หน้ากว้าง 1.80 ม. (40 เมตร),400.67,-
RM2062212002,ผ้า SUNSCREEN 3% RR-82 สีน้ำตาล ก. 3.00 ม. ยาว 30 ม.(หมดแล้วหมดเลย),9.19,-
RM2062212003,ผ้า Acrylic Sauleda สี RAIN (1073) หน้ากว้าง 1.20 ม. ยาว 60 เมตร,178.6,-
RM2062212004,ผ้า Acrylic Sauleda สี JALISCO (1484) หน้ากว้าง 1.20 ม. ยาว 60 เมตร,79.45,-
RM2062212005,ผ้า Acrylic Sauleda สี FRESH (2097) หน้ากว้าง 1.20 ม. ยาว 60 เมตร,244.9,-
RM2062212006,ผ้า Acrylic Sauleda สี TURKIS (2129) หน้ากว้าง 1.20 ม. ยาว 60 เมตร,258.7,-
RM2062212007,ผ้า Acrylic Sauleda สี WASHINGTON (2805) หน้ากว้าง 1.20 ม. ยาว 60 เมตร,18.12,-
RM2062212008,ผ้า Acrylic Sauleda สี LONDRES (2822) หน้ากว้าง 1.20 ม. ยาว 60 เมตร,37.3,-
RM2062212009,ผ้า Acrylic Sauleda สี COLONIA (2964) หน้ากว้าง 1.20 ม. ยาว 60 เมตร,83.5,-
RM2062212010,ผ้า Acrylic Sauleda สี TWEED NEGRO (3582) หน้ากว้าง 1.20 ม. ยาว 60 เมตร,18.82,-
RM2062301001,Commercial DualShade 350gsm./ 3.00x40M FR Cobblestone 496005,109.2,-
RM2062301002,ผ้า Solar max สีแดง 3001 (Sioen B8000) (630g)หน้ากว้าง 2.50 ม. ยาว 65 ม,111.45,-
RM2062302001,G325 Shade Cloth - Grey 3m x 50m /สีเทา 499853,319.15,-
RM2062302002,G325 Shade Cloth - Drk Green 3m x 50m /สีเขียวเข้ม 499860,-1.0,-
RM2062302003,G325 Shade Cloth - Tan 3m x 50m / แทน 499877,-1.0,-
RM2062302004,G325 Shade Cloth - Brown 3m x 50m / สีน้ำตาล 499907,-1.0,-
RM2062302005,G325 Shade Cloth - Bright Blue 3m x 50m / สีฟ้าสด 499891,-1.0,-
RM2062302006,ผ้า SUNSCREEN 5% สี Grey/Grey (SC-A1-506) หน้ากว้าง 3.00 เมตร ยาว 30 เมตร/ม้วน (หมดแล้วหมดเลย),21.7,-
RM2062302007,ผ้า Acrylic Sauleda สี TEJA (2065) หน้ากว้าง 1.20 ม. ยาว 60 เมตร,109.5,-
RM2062302008,ผ้า Acrylic Sauleda สีดำ NEGRO (2170) หน้ากว้าง 1.20 ม. ยาว 60 เมตร,318.66,-
RM2062303001,ผ้า PVC โปร่งแสง Solar View สีเทา 005 หนา 0.48mm /หน้ากว้าง 1.50 m. ยาว 50 เมตร/1 ม้วน,1186.4,-
RM2062303002,ผ้า Acrylic Sauleda สี GRANATE (2101) หน้ากว้าง 1.20 ม. ยาว 60 เมตร,374.2,-
RM2062303003,ผ้า Acrylic Sauleda สี MARINO (2145) หน้ากว้าง 1.20 ม. ยาว 60 เมตร,44.6,-
RM2062306001,Sunbrella Acrylic 6079-0000 OCEAN BLUE (สีฟ้าน้ำทะเล) หน้ากว้าง 1.52 ม.,0.0,-
RM2062306002,ผ้า SUNSCREEN 5% สี Brown/Black (SC-A1-508) หน้ากว้าง 2.50 เมตร ยาว 30 เมตร/ม้วน,270.85,-
RM2062306003,ผ้า Solar max สีครีม 1623 (Sioen B8000)(630g) หน้ากว้าง 3.00 ม. ยาว 65 ม.,83.5,-
RM2062307001,ผ้า Acrylic สีฟ้าเข้ม 682 หน้ากว้าง 1.20 ม.,120.0,-
RM2062307002,ผ้า Acrylic Sauleda สีเทาอ่อน (8488) หน้ากว้าง 1.20 ม. ยาว 60 เมตร,-1.0,-
RM2062307003,ผ้า Acrylic Sauleda สี BOTELLA (2245) หน้ากว้าง 1.20 ม. ยาว 60 เมตร,-1.0,-
RM2062307004,ผ้า Ferrari 371-7900 สีขาว หน้ากว้าง 2.67 ม. ยาว 50 เมตร,19.8,-
RM2062309001,"ผ้า Ferrari 432-8274 สีแดง-ขาว หน้ากว้าง 1.78 ม. ยาว 40,37,30,20,17 เมตร",56.6,-
RM2062310001,Suntex 90 Design Wheat Colors หนา 0.991 mm./ก. 2.44 ม.ย. 30.48 ม.(5332),213.36,-
RM2062310002,Suntex 90 Design Toast Colors หนา 0.991 mm./ ก. 2.44 ม.ย. 30.48 ม.(5333),6.35,-
RM2062310003,Suntex 90 Design Toffee Colors หนา 0.991 mm./ ก. 2.44 ม.ย.30.48 ม.(5336),213.36,-
RM2062311001,ผ้า Solar Sand สีกากี Khaki K068 W 2.04 m.x 100 m./R.,1245.6,-
RM2062312001,ผ้า Sioen B7182A (BLOCK OUT) สีขาว 9002 หน้ากว้าง 3.00 ม.,139.6,-
RM2062312002,ผ้า Solar Screen สี White - Beige DN-002 หน้ากว้าง 2.50 ม 3%(หมดแล้วหมดเลย),48.0,-
RM2062312003,ผ้า Solar Screen สี White - White DN-001 หน้ากว้าง 2.50 ม 3%(หมดแล้วหมดเลย),1010.4,-
RM2062403001,ผ้าใบ Solar Zip A0-0505(Grey) 0% หน้ากว้าง 3.0 ม.ยาว 30 ม.,67.9,-
RM2062403002,ผ้าใบ Solar Zip A0-9900(Black) 0% หน้ากว้าง 3.0 ม.ยาว 30 ม.,90.0,-
RM2062403003,ผ้าใบ Solar Zip A1-9905(Black/Grey) 1% หน้ากว้าง 3.0 ม.ยาว 30 ม.,81.26,-
RM2062403004,ผ้าใบ Solar Zip A1-0100(White) 1% หน้ากว้าง 3.0 ม.ยาว 30 ม.,84.0,-
RM2062403005,ผ้าใบ Solar Zip A1-0505(Grey) 1% หน้ากว้าง 3.0 ม.ยาว 30 ม.,131.4,-
RM2062403006,ผ้าใบ Solar Zip A5-0100(White) 5% หน้ากว้าง 3.0 ม.ยาว 30 ม.,30.0,-
RM2062403007,ผ้าใบ Solar Zip A5-0102(White/Cream) 5% หน้ากว้าง 3.0 ม.ยาว 30 ม.,28.2,-
RM2062403008,ผ้าใบ Solar Zip A5-2699(Black/Brown) 5% หน้ากว้าง 3.0 ม.ยาว 30 ม.,30.0,-
RM2062403009,ผ้าใบ Solar Zip A5-9900(Black) 5% หน้ากว้าง 3.0 ม.ยาว 30 ม.,26.75,-
RM2062403010,ผ้าใบ Solar Zip A5-9905(Black/Grey) 5% หน้ากว้าง 3.0 ม.ยาว 30 ม.,22.3,-
RM2062403011,ผ้าใบ Solar Zip A5-0105(White/Grey) 5% หน้ากว้าง 3.0 ม.ยาว 30 ม.,27.15,-
RM2062403012,ผ้าใบ Solar Zip A5-2600(Brown) 5% หน้ากว้าง 3.0 ม.ยาว 30 ม.,30.0,-
RM2062403013,ผ้าDUO สีเขียวตอง#65 รุ่นสองหน้า Green/Grey หนา 30 มิล กว้าง 2.05 เมตร.ยาว 45 ม./ม้วน,45.0,-
RM2062403014,ผ้าDUO สีเขียว#674 หนา 30 มิล กว้าง 2.05 เมตร ยาว 45 เมตร/ม้วน,45.0,-
RM2062404001,ผ้าใบ Solar Zip A0-2600(Black Brown) 0% หน้ากว้าง 3.0 ม.ยาว 27/30 ม.,27.0,-
RM2062404002,ผ้าใบ Solar Zip A5-4050(Black/Dark Grey) 5% หน้ากว้าง 3.0 ม.ยาว 30 ม.,0.0,-
RM2062406002,ผ้า SUNSCREEN 5% สี Grey/Black (SC-A1-510) หน้ากว้าง 3 เมตร ยาว 30 เมตร/ม้วน,332.35,-
RM2062406003,"Sunbrella Acrylic 6020-0000 BEIGE 100% Sunbrella Acrylic 60""หน้ากว้าง 1.52 ม.",0.0,-
RM2062407001,Commercial 95 SKY BLUE # 445034 หน้ากว้าง 3.00ม. (40 ม./ม้วน),-1.0,-
RM2062407002,Commercial 95 Driftwood 502294 หน้ากว้าง 3.00ม. (40 ม./ม้วน),-1.0,-
RM2062407003,ผ้า Acrylic 01268 บล็อควอลนัท หน้ากว้าง 1.20 ม.,-1.0,-
RM2062407004,ผ้า Acrylic 00634 มินิมอล สโตน แบล็ค 1.20ม.,-1.0,-
RM2062407005,ผ้า Acrylic 00172 มินิมอล ชาร์โคล 1.20ม.,-1.0,-
RM2062407006,ผ้า Acrylic 00165 มินิมอล มัด ซูเอด 1.20ม.,-1.0,-
RM2062407007,ผ้า Acrylic 01294 เอสเซนเชี่ยล เยลโล่ บิสกิต 1.20ม,-1.0,-
RM2062407008,ผ้า Acrylic 00167 แฟนซี ฟอเรสทต์ ไวท์ 1.20ม.,-1.0,-
RM2062408001,ผ้า Acrylic 00512 สลิม เอ๊กน็อค ซูเอด 1.20ม.,-1.0,-
RM2062408002,ผ้า Acrylic 01262 เท็กซเจอร์ วอลนัท 1.20ม.,1.0,-
RM2062408003,ผ้า Acrylic 00105 เท็กซเจอร์ กราโนล่า 1.20ม.,1.0,-
RM2062408004,ผ้า Acrylic 00231 ซอฟท์โบน 1.20ม.,1.0,-
RM2062408005,ผ้า Acrylic 00228 ซอฟท์ ซูเอด บราวน์ 1.20ม.,1.0,-
RM2062410001,ผ้า Solar Screen สี Grey - Grey N-301 หน้ากว้าง 3.00 ม. 5%,247.0,-
RM2062410002,ผ้า Solar Screen สี Brown/Brown N-4545 หน้ากว้าง 3.00 ม. 5%,296.9,-
RM2062411001,ผ้าใบ Solar Zip A0-0100 (white) 0% หน้ากว้าง 3.0 ม.ยาว 30 ม.,90.0,-
RM2062411002,ผ้าใบ Solar Zip A1-0680(beige) 1% หน้ากว้าง 2.5 ม.ยาว 30 ม.,30.0,-
RM2062411003,"Sunbrella Acrylic 4876-0000 MANHATTAN FOG 46""หน้ากว้าง 1.17 ม.",91.45,-
RM2062412001,ผ้า Solar Screen Grey หน้ากว้าง 3.00 cm,-1.0,-
RM2062412002,ผ้า SUNSCREEN 5% สี Brown/Black (SC-A1-508) หน้ากว้าง 3.00 เมตร ยาว 30 เมตร/ม้วน,150.0,-
RM2062501001,FLEXLIGHT CLASSIC 602 - CHAMPAGNE 8341 กว้าง 2.67ม ยาว 50ม,-1.0,-
RM2062501002,ผ้า PVC HY ขาว กว้าง 2.5ม ยาว 50ม,10846.0,-
RM2062502001,SIOEN PVC MESH STRUCTURA 230 S/7509/300(680g) Silver Grey Width 3m L 65m,-1.0,-
RM2062505001,ผ้าใบ Solar Zip A1-0680(beige) 1% หน้ากว้าง 3.0 ม.ยาว 27/30 ม.,-1.0,-
RM2062506001,ผ้า Acrylic Sauleda MASACRIL SOLIDS (2102) GRIS หน้ากว้าง 1.20 ม. ยาว 60 เมตร,-1.0,-
RM2062506002,ผ้า Solar max สีบรอนซ์เงิน 7500 (Sioen B8000) (630g) หน้ากว้าง 3.00 ม. ยาว 65 ม.,-1.0,-
RM2062507001,ผ้า Solar Screen สี Beige - Beige N-201 หน้ากว้าง 3.00 ม. 5%,-1.0,-
RM2062507002,ผ้า Solar Screen สี White - Beige N-002 หน้ากว้าง 3.00 ม 5%,-1.0,-
RM2062507003,ผ้า SUNSCREEN 5% สี Beige/White (40N003) หน้ากว้าง 3.00 เมตร ยาว 30 เมตร/ม้วน,-1.0,-
RM2062507004,ผ้า Solar max สีเหลือง 1001 (Sioen B8000) (630g) หน้ากว้าง 2.50 ม 65 m.,-1.0,-
RM2062507005,ผ้า Acrylic สีดำ 680 หน้ากว้าง 1.20 ม.,-1.0,-
RM2062507006,ผ้า Acrylic สีช็อคโกแลต 005 หน้ากว้าง 1.20 ม.,-1.0,-
RM2062507007,ผ้า Acrylic สีCAFE 80536 หน้ากว้าง 1.20 ม.,-1.0,-
RM2062507008,ผ้า Acrylic สีขาวลาย 80563 หน้ากว้าง 1.20 ม.,-1.0,-
RM2062507009,ผ้า Acrylic สีเขียวเฟิร์น 80549 หน้ากว้าง 1.20 ม.,-1.0,-
RM2062507010,ผ้า Acrylic สีเบจลายเทา SUPERNOVA 80585 หน้ากว้าง 1.20 ม.,-1.0,-
RM2062508001,ผ้าใบ Zip ไฟเบอร์กลาส BESTEX 1% GA4213BN (ดำ) หน้ากว้าง 3.0 ม.ยาว 30 ม.,-1.0,-
RM2062508002,ผ้าใบ Zip ไฟเบอร์กลาส BESTEX 1% Y4216BN (ดำ) หน้ากว้าง 3.0 ม.ยาว 30 ม.,-1.0,-
RM2062509001,ผ้า Solar max สีเขียว 6001 (Sioen B8000) (630g) หน้ากว้าง 2.50 ม ยาว 65 ม.,-1.0,-
RM2062509002,เทปกาวเชื่อมร้อนสำหรับผ้าอะคริลิค กว้าง 18 มม ยาว 50 ม,-1.0,-
RM2062509003,ผ้า PVC HY0505-1 ขาว-เทา 7001 กว้าง 2.5ม ยาว 50ม,-1.0,-
RM2062509004,ผ้า Acrylic Solar Nova สีขาวไข่มุก 0002 หน้ากว้าง 1.20 ม.,-1.0,-
RM2062509005,ผ้า Acrylic Solar Nova สีชาร์โคล 0056 หน้ากว้าง 1.20 ม.,-1.0,-
RM2062509006,ผ้า Acrylic Solar Nova สีดำ 0009 หน้ากว้าง 1.20 ม.,-1.0,-
RM2062509007,ผ้า Acrylic Solar Nova สีน้ำตาลไม้ 0021 หน้ากว้าง 1.20 ม.,-1.0,-
RM2062509008,ผ้า Acrylic Solar Nova สีเบจทราย 0064 หน้ากว้าง 1.20 ม.,-1.0,-
RM2062509009,ผ้า Acrylic Solar Nova สีเทาสไตรป์ 0503 หน้ากว้าง 1.20 ม.,-1.0,-
RM2062509010,ผ้า Acrylic Solar Nova สีส้มอิฐ 0221 หน้ากว้าง 1.20 ม.,-1.0,-
RM2062509011,ผ้า Acrylic Solar Nova สีแดงทับทิมสไตรป์ 0491 หน้ากว้าง 1.20 ม.,-1.0,-
RM2062509012,ผ้า Acrylic Solar Nova สีเขียวมรกต 0139 หน้ากว้าง 1.20 ม.,-1.0,-
RM2062509013,ผ้า Acrylic Solar Nova สีฟ้าทะเล 0010 หน้ากว้าง 1.20 ม.,-1.0,-
RM2062509014,ผ้า Acrylic Solar Nova สีมิ้นท์ลายสลับเทาอ่อน 0498 หน้ากว้าง 1.20 ม.,-1.0,-
RM2062509015,ผ้า Acrylic 00594 สีเขียวใบไม้ หน้ากว้าง 1.20 ม.,-1.0,-
RM2062510001,ผ้า Acrylic Sauleda MASACRIL SOLIDS (2296) AVENA หน้ากว้าง 1.20 ม.,-1.0,-
RM7070117001,ผ้า PVC Solar NEON สีขาว หน้ากว้าง 2.50 ม.,-1.0,-
RM7070151001,ผ้า Super PVC T5 สีดำ BK1 หน้ากว้าง 1.07 ม.,-1.0,-
RM7070151002,ผ้า Super PVC T5 สีฟ้า BL1 หน้ากว้าง 1.07 ม.,-1.0,-
RM7070151003,ผ้า Super PVC T5 สีน้ำเงิน BL2 หน้ากว้าง 1.07 ม.,-1.0,-
RM7070151004,ผ้า Super PVC T5 สีน้ำเงินเข้ม BL3 หน้ากว้าง 1.07 ม./ เป็นเศษ ติดม้วน,-1.0,-
RM7070151005,ผ้า Super PVC T5 สีกรมท่า BL4 หน้ากว้าง 1.07 ม.,-1.0,-
RM7070151006,ผ้า Super PVC T5 สีครีม CR1 หน้ากว้าง 1.07 ม.,0.0,-
RM7070151007,ผ้า Super PVC T5 สีเขียวอ่อน GR1 หน้ากว้าง 1.07 ม.,-1.0,-
RM7070151008,ผ้า Super PVC T5 สีเขียว GR2 หน้ากว้าง 1.07 ม.,-1.0,-
RM7070151009,ผ้า Super PVC T5 สีเขียวเข้ม GR3 หน้ากว้าง 1.07 ม.,-1.0,-
RM7070151010,ผ้า Super PVC T5 สีเขียวขี้ม้า OD2 หน้ากว้าง 1.07 ม.,427.7,-
RM7070151011,ผ้า Super PVC T5 สีส้ม OR1 หน้ากว้าง 1.07 ม.,-1.0,-
RM7070151012,ผ้า Super PVC T5 สีแดง RD2 หน้ากว้าง 1.07 ม.,98.0,-
RM7070151013,ผ้า Super PVC T5 สีขาว WH2 หน้ากว้าง 1.07 ม.,-1.0,-
RM7070151014,ผ้า Super PVC T5 สีเหลือง YL2 หน้ากว้าง 1.07 ม.,210.0,-
RM7070151015,ผ้า Super PVC T5 สีน้ำตาล BR2 หน้ากว้าง 1.07 ม.,-1.0,-
RM7070152001,ผ้า PVC HC สีขาว HC-001 หน้ากว้าง 1.13 ม. ม้วนละ90 เมตร,536.45,-
RM7070152002,ผ้า PVC HC สีครีม HC-002 หน้ากว้าง 1.13 ม. ม้วนละ 90 เมตร,510.85,-
RM7070152003,ผ้า PVC HC สีเทา HC-005 หน้ากว้าง 1.13 ม. ม้วนละ 90 เมตร,524.1,-
RM7070152004,ผ้า PVC HC สีเทาอ่อน HC-011 หน้ากว้าง 1.13 ม.,260.65,-
RM7070152005,ผ้า PVC HC สีเหลืองมะนาว HC-012 หน้ากว้าง 1.13 ม.,257.6,-
RM7070152006,ผ้า PVC HC สีแดง HC-016 หน้ากว้าง 1.13 ม.,173.7,-
RM7070152007,ผ้า PVC HC สีเขียวขี้ม้า HC-019 หน้ากว้าง 1.13 ม.,490.4,-
RM7070152008,ผ้า PVC HC สีฟ้าน้ำเงิน HC-041 หน้ากว้าง 1.13 ม.,562.8,-
RM7070152009,ผ้า PVC HC สีชมพู HC-545 หน้ากว้าง 1.13 ม.,167.4,-
RM7070152010,ผ้า PVC HC สีเขียวอ่อน HC-869 หน้ากว้าง 1.13 ม.,1022.0,-
RM7070152011,ผ้า PVC HC สีฟ้าสว่าง HC-870 หน้ากว้าง 1.13 ม.,405.4,-
RM7070152012,ผ้า PVC HC สีม่วงอ่อน HC-298 หน้ากว้าง 1.08 ม.,143.55,-
RM7070152013,ผ้า PVC HC สีส้ม HC-046 หน้ากว้าง 1.13 ม.,270.0,-
RM7070152014,ผ้า PVC HC สีดำ HC-049 หน้ากว้าง 1.13ม.,480.0,-
RM7070152015,ผ้า PVC HC สีเหลือง HC-077 หน้ากว้าง 1.13 ม.,381.9,-
RM7070152016,ผ้า PVC HC สีกรมท่า HC-291 หน้ากว้าง 1.13 ม.,551.73,-
RM7070152017,ผ้า PVC HC สีเขียว HC-701 หน้ากว้าง 1.13 ม.,584.0,-
RM7070152018,ผ้า PVC HC สีม่วงเข้ม HC-398 หน้ากว้าง 1.08 ม.,11.41,-
RM7070152019,ผ้า PVC HC สีน้ำตาลอ่อน HC-000 หน้ากว้าง 1.13 ม,350.6,-
RM7070165001,ผ้า Solar Max สีเหลือง หน้ากว้าง 1.55 ม. SM-077,-1.0,-
RM7070165002,ผ้า Solar Max สีแดง หน้ากว้าง 1.55 ม.,-1.0,-
RM7070167001,ผ้า PVC Solar NEON สีขาว หน้ากว้าง 2.50 ม.,-1.0,-
RM7070167002,ผ้า PVC Solar NEON สีส้ม หน้ากว้าง 1.83 ม.,-1.0,-
RM7070171001,พลาสติกใส ใน หน้ากว้าง 1.37 ม. (36 เมตร/ม้วน),-1.0,-
RM7070208001,ผ้า Solar Max (HANA) Cream 65-026 (580g) หน้ากว้าง 1.55 ม.,-1.0,-
RM7070208002,ผ้า Solar Max (HANA) สีเทา No. 65-025 หน้ากว้าง 1.55 ม.,-1.0,-
RM7070208003,ผ้า Solar Max (HANA) สีแดง No. 65-023 หน้ากว้าง 1.55 ม.,-1.0,-
RM7070208004,ผ้า Solar Max (HANA) สีเขียวแก่ No. 65-022 หน้ากว้าง 1.55 ม.,-1.0,-
RM7070208005,ผ้า Solar Max (HANA) สีเลือดหมู No.065-021 หน้ากว้าง 1.55 ม.,-1.0,-
RM7070208006,ผ้า Solar Max (HANA) สีเหลือง No. 65-024 หน้ากว้าง 1.55 ม.,-1.0,-
RM7070208014,ผ้า Sioen P-7450 สีขาว 9917 หน้ากว้าง 2.18 ม.,-1.0,-
RM7070208030,Kader with 12 mm PVC band (100m.length per roll),-1.0,-
RM7070209001,ผ้า Sioen P-7450 (450g) สีขาว 9917 หน้ากว้าง 2.50 ม.,-1.0,-
RM7070209002,ผ้า Sioen P-7450 สีขาว 9917 หน้ากว้าง 3.20 ม. ยาว 80 ม.,-1.0,-
RM7070209003,ผ้า Sioen P-8103 สีขาว 9909 หน้ากว้าง 2.50 ม.,-1.0,-
RM7070209004,ผ้า Sioen T-1107 (725g) สีขาว 9909 หน้ากว้าง 2.50 ม.,-1.0,-
RM7070209005,ผ้า Sioen B-6101 สีขาว 9002 หน้ากว้าง 2.50 ม.,55.0,-
RM7070209006,ผ้า Sioen B-6000 (900g) สีขาว 9002 หน้ากว้าง 3.00 ม.,37.0,-
RM7070209007,ผ้า Sioen B8288 (800g) สีขาว 9909 หน้ากว้าง 2.50 ม.,28.07,-
RM7070209008,ผ้า Sioen T-2107 (1050g) สีขาว 9909 หน้ากว้าง 2.50 ม.,43.0,-
RM7070209009,ผ้า Sioen T-0107 (650g) สีขาว 9909 หน้ากว้าง 2.50 ม.,92.55,-
RM7070209010,ผ้า Sioen B-9163 สีขาว 9002 หน้ากว้าง 2.50 ม.,-1.0,-
RM7070209011,ผ้า Sioen B-7119 สีส้ม 3018 หน้ากว้าง 3.20 ม.,-1.0,-
RM7070209012,ผ้า Sioen B-7119 (630g) สีเหลือง 1001 หน้ากว้าง 3.20 ม.,60.0,-
RM7070209013,ผ้า Sioen B-6101 สีขาว 9002 หน้ากว้าง 2.18 ม.,-1.0,-
RM7070209015,ผ้า Sioen P-7450 (450g) สีขาว 9917 หน้ากว้าง 3.00 ม. ยาว 50 ม.,-1.0,-
RM7070217001,ผ้า PVC Solar NEON สีขาว หน้ากว้าง 2.50 ม.,-1.0,-
RM7070217002,ผ้า PVC Solar NEON สีขาวสลับสีส้ม หน้ากว้าง 1.55 ม.,-1.0,-
RM7070217003,ผ้า PVC Solar NEON สีขาวสลับสีน้ำเงิน หน้ากว้าง 1.55 ม.,-1.0,-
RM7070350001,ผ้า PVC โปร่งแสง Solar View สีเขียวทะเล 888 หน้ากว้าง 1.50 m.,-1.0,-
RM7070350002,ผ้า PVC โปร่งแสง Solar View สีขาวใส 101 หนา 0.48mm /หน้ากว้าง 1.50 m. ยาว 50 เมตร/1 ม้วน,638.5,-
RM7070350003,ผ้า PVC โปร่งแสง Solar View สีน้ำตาลใส 559 หน้ากว้าง 1.50 m.,30.1,-
RM7070350004,ผ้า PVC โปร่งแสง Solar View สีฟ้าคราม 602 หน้ากว้าง 1.50 m.(หมดแล้วหมดเลย),-1.0,-
RM7070350005,ผ้า PVC โปร่งแสง Solar View สีเขียวมรกต 752 หน้ากว้าง 1.50 m.,336.39,-
RM7070367040,ผ้า PVC โปร่งแสง Solar True สี Chocolate # 092 หน้ากว้าง 2.50 ม.,-1.0,-
RM7070367060,ผ้า PVC โปร่งแสง Solar View สี Gold 007 หน้ากว้าง 1.80 ม.,1200.0,-
RM7070412001,ผ้า Vinistar Super สีใส 0.75mm.x137cm.x30m./roll,516.17,-
RM7070412002,ผ้า Vinistar Super สีใส 1.00mm.x137cm.x30m./roll,672.2,-
RM7070412003,ผ้า Vinistar Soft UV (PVC) สีชา 0.75 mm. หน้ากว้าง 1.37 ม.(หมดแล้วหมดเลย),55.2,-
RM7070412004,ผ้า Vinistar Soft UV (PVC) สีชา 1.00 mm. หน้ากว้าง 1.37 ม./(หมดแล้วหมดเลย),13.7,-
RM7070565001,ผ้า Solar Mesh B-421 Royal Blue (280Gm) หน้ากว้าง 1.58 ม,-1.0,-
RM7070565002,ผ้า Solar Mesh G-029 Green (280Gm) หน้ากว้าง 1.58 ม,-1.0,-
RM7070565003,ผ้า Solar Mesh W-010 White หน้ากว้าง 1.58 ม,-1.0,-
RM7070611001,ผ้า JF-0101 สีขาว หน้ากว้าง 2.50 ม,-1.0,-
RM7070611002,ผ้า JF-0102 สีขาว-ครีม หน้ากว้าง 2.50 ม,-1.0,-
RM7070662001,ผ้า Solar Screen สี White - White N-001 หน้ากว้าง 2.50 ม 5%,40.85,-
RM7070662002,ผ้า Solar Screen สี White - Beige N-002 หน้ากว้าง 2.50 ม 5%,52.23,-
RM7070662003,ผ้า Solar Screen สี White - Beige N-002 หน้ากว้าง 2.00 ม 5%,-1.0,-
RM7070662004,ผ้า Solar Screen สี White - Grey N-003 หน้ากว้าง 2.50 ม 5%,31.7,-
RM7070662005,ผ้า Solar Screen สี Beige - Beige N-201 หน้ากว้าง 2.50 ม. 5%,30.0,-
RM7070662006,ผ้า Solar Screen สี Grey - Grey N-301 หน้ากว้าง 2.50 ม. 5%,185.0,-
RM7070662007,ผ้า Solar Screen สี Black-Black N-901 หน้ากว้าง 2.50 ม. 5%,135.15,-
RM7070667010,ผ้า Solar Screen สีน้ำตาลเข้ม B-545 หน้ากว้าง 3.07 ม.,-1.0,-
RM7070702001,ผ้า Polyester สีเหลือง DC-004 หน้ากว้าง 1.45 ม.,-1.0,-
RM7070702002,ผ้า Polyester สีเขียวเข้ม DC-005 หน้ากว้าง 1.45 ม.,-1.0,-
RM7070702003,ผ้า Polyester สีน้ำเงิน DC-008 หน้ากว้าง 1.45 ม.,-1.0,-
RM7070702004,ผ้า Polyester สีครีม DC-009 หน้ากว้าง 1.45 ม.,-1.0,-
RM7070702005,ผ้า Polyester สีแดง-ขาว DC-017 หน้ากว้าง 1.45 ม.,-1.0,-
RM7070702006,ผ้า Polyester สีกากี DC-003 หน้ากว้าง 1.45 ม.,-1.0,-
RM7070702007,ผ้า Polyester สีขาว DC-010 หน้ากว้าง 1.45 ม.,-1.0,-
RM7070714001,ผ้า LETOM สี Navy Blue หน้ากว้าง 1.20 ม.,-1.0,-
RM7070714002,ผ้า LETOM สี Ivory หน้ากว้าง 1.20 ม.,-1.0,-
RM7070714003,ผ้า LETOM สี Forest Green หน้ากว้าง 1.20 ม.,-1.0,-
RM7070714004,ผ้า LETOM สี Pacific Blue หน้ากว้าง 1.20 ม.,-1.0,-
RM7070714005,ผ้า LETOM สี Light Grey หน้ากว้าง 1.20 ม.,-1.0,-
RM7070805001,ผ้า Acrylic สีขาว 001 หน้ากว้าง 1.20 ม.,156.7,-
RM7070805002,ผ้า Acrylic สีแดง 040 หน้ากว้าง 1.20 ม.(หมดแล้วหมดเลย),40.2,-
RM7070805003,ผ้า Acrylic สีกาแฟ 005FR หน้ากว้าง 1.20 ม.,0.0,-
RM7070805004,ผ้า Acrylic สีเขียวสด 006 N หน้ากว้าง 1.50 ม.,-1.0,-
RM7070805005,ผ้า Acrylic สีฟ้าเข้ม 007 หน้ากว้าง 1.20 ม.,508.0,-
RM7070805006,ผ้า Acrylic สีขาวสลับน้ำเงิน 012 หน้ากว้าง 1.20 ม.,430.84,-
RM7070805007,ผ้า Acrylic สีดำ 039 N หน้ากว้าง 1.50 ม.,-1.0,-
RM7070805008,ผ้า Acrylic สีขาวสลับครีม 044 หน้ากว้าง 1.20 ม.,150.63,-
RM7070805009,ผ้า Acrylic สีเลือดหมู 060N หน้ากว้าง 1.50 ม.,-1.0,-
RM7070805010,ผ้า Acrylic สีเทา 067 หน้ากว้าง 1.20 ม.,760.14,-
RM7070805011,ผ้า Acrylic สีกากี 068 หน้ากว้าง 1.20 ม.,333.14,-
RM7070805012,ผ้า Acrylic สีเทาเข้ม 098 หน้ากว้าง 1.20 ม.,1167.3,-
RM7070805013,ผ้า Acrylic สีน้ำตาลลาย 113 หน้ากว้าง 1.20 ม.,1031.9,-
RM7070805014,ผ้า Acrylic สีอิฐลาย 184 หน้ากว้าง 1.20 ม.,40.97,-
RM7070805015,ผ้า Acrylic สีส้มอิฐสลับครีม 018 หน้ากว้าง 1.20 ม.,119.8,-
RM7070805016,ผ้า Acrylic สีแสด 004 หน้ากว้าง 1.20 ม.,356.0,-
RM7070805017,ผ้า Acrylic สีเหลือง 003 หน้ากว้าง 1.20 ม.,75.84,-
RM7070805018,ผ้า Acrylic สีส้มอิฐ 036 หน้ากว้าง 1.20 ม.,343.05,-
RM7070805019,ผ้า Acrylic สีเหลืองสลับขาว 011 หน้ากว้าง 1.20 ม.,280.3,-
RM7070805020,ผ้า Acrylic สีเขียวแก่สลับขาว 019 หน้ากว้าง 1.20 ม.,487.56,-
RM7070805021,ผ้า Acrylic สีแดงสลับขาว 028 หน้ากว้าง 1.20 ม.,176.14,-
RM7070805022,ผ้า Acrylic สีเขียวแก่ 072 N หน้ากว้าง 1.53 ม.,-1.0,-
RM7070805023,ผ้า Acrylic สีน้ำเงิน 077 หน้ากว้าง 1.20 ม.,186.0,-
RM7070805024,ผ้า Acrylic สีน้ำตาลลายคาดขาว 140 หน้ากว้าง 1.20 ม. (หมดแล้วหมดเลย),-1.0,-
RM7070805025,ผ้า Acrylic สีฟ้าลายคาดขาว 141 หน้ากว้าง 1.20 ม.,-1.0,-
RM7070805026,ผ้า Acrylic สีน้ำตาลสลับขาว 512 หน้ากว้าง 1.20 ม.(หมดแล้วหมดเลย),-1.0,-
RM7070805027,ผ้า Acrylic 074 หน้ากว้าง 1.20 ม. (หมดแล้วหมดเลย),-1.0,-
RM7070805028,ผ้า Acrylic 393 หน้ากว้าง 1.20 ม.,-1.0,-
RM7070805029,ผ้า Acrylic 400 หน้ากว้าง 1.20 ม.,-1.0,-
RM7070805030,ผ้า Acrylic 509 หน้ากว้าง 1.20 ม.,-1.0,-
RM7070805031,ผ้า Acrylic 558 หน้ากว้าง 1.20 ม.(หมดแล้วหมดเลย),-1.0,-
RM7070805032,ผ้า Acrylic สีเขียว-ครีม 362 หน้ากว้าง 1.20 ม.,-1.0,-
RM7070805033,ผ้า Acrylic สีน้ำเงิน-ฟ้า 372 หน้ากว้าง 1.20 ม.,-1.0,-
RM7070805034,ผ้า Acrylic สีครีมเข้ม 181 หน้ากว้าง 1.20 ม. (หมดแล้วหมดเลย),0.0,-
RM7070805035,ผ้า Acrylic สี 458 หน้ากว้าง 1.20 ม.,-1.0,-
RM7070805036,ผ้า Acrylic สีแดงเข้ม 035 หน้ากว้าง 1.20 ม.,163.6,-
RM7070805037,ผ้า Acrylic สีน้ำตาลเข้มสลับสีน้ำตาลอ่อน 394 หน้ากว้าง 1.20 ม.(หมดแล้วหมดเลย),-1.0,-
RM7070805038,ผ้า Acrylic สีครีมสลับสีเหลือง 529 หน้ากว้าง 1.20 ม.,-1.0,-
RM7070805039,ผ้า Acrylic สีส้มลาย 487 หน้ากว้าง 1.20 ม.(หมดแล้วหมดเลย),65.0,-
RM7070805040,ผ้า Acrylic สีน้ำเงินลาย 489 หน้ากว้าง 1.20 ม.(หมดแล้วหมดเลย),-1.0,-
RM7070805041,ผ้า Acrylic สีแดงลาย 109 หน้ากว้าง 1.20 ม.,38.4,-
RM7070805042,ผ้า Acrylic สีขาวสลับสีดำ 014 หน้ากว้าง 1.20 ม.,1933.2,-
RM7070805043,ผ้า Acrylic สีขาวสลับสีเทาอ่อน 017 หน้ากว้าง 1.20 ม.,409.03,-
RM7070805044,ผ้า Acrylic สีเขียวสด 006 หน้ากว้าง 1.20 ม.,561.79,-
RM7070805045,ผ้า Acrylic สีดำ 039 หน้ากว้าง 1.20 ม.(หมดแล้วหมดเลย),153.68,-
RM7070805046,ผ้า Acrylic สีเลือดหมู 060 หน้ากว้าง 1.20 ม.,222.0,-
RM7070805047,ผ้า Acrylic สีเขียวแก่ 072 หน้ากว้าง 1.20 ม.,223.83,-
RM7070805048,ผ้า Acrylic สีครีมสลับเขียวแก่ลาย 431 หน้ากว้าง 1.20,-1.0,-
RM70708058045,ผ้า Acrylic สีดำ 039 หน้ากว้าง 1.20 ม.,-1.0,-
RM7070806001,ผ้า Acrylic สีครีม 7548 หน้ากว้าง 1.20 ม.,-1.0,-
RM7070806002,ผ้า Acrylic สีครีม 7548 MAX หน้ากว้าง 1.20 ม.(หมดแล้วหมดเลย),41.5,-
RM7070806003,ผ้า Acrylic สียีนส์ U141 หน้ากว้าง 1.20 ม.(หมดแล้วหมดเลย),-1.0,-
RM7070806004,ผ้า Acrylic สีเขียว 229 หน้ากว้าง 1.20 ม.(หมดแล้วหมดเลย),-1.0,-
RM7070806005,ผ้า Acrylic สีชมพู 170 หน้ากว้าง 1.20 ม.(หมดแล้วหมดเลย),-1.0,-
RM7070806006,ผ้า Acrylic สีม่วง 169 หน้ากว้าง 1.20 ม.(หมดแล้วหมดเลย),-1.0,-
RM7070908001,ผ้า Cooly Cool 004 (สีโอวัลติน) หน้ากว้าง 3.00 ม.,-1.0,-
RM7070908002,ผ้า Cooly Cool 005 (สีครีมงาช้าง) หน้ากว้าง 3.00 ม.,-1.0,-
RM7070908003,ผ้า Cooly Cool 013 (สีเขียวลาย) หน้ากว้าง 3.00 ม.,-1.0,-
RM7070908004,ผ้า Cooly Cool 014 (สีเขียวเข้ม) หน้ากว้าง 3.00 ม.,-1.0,-
RM7070908005,ผ้า Cooly Cool 033 (สีเลือดหมู) หน้ากว้าง 3.00 ม.,-1.0,-
RM7070908006,ผ้า Cooly Cool 510 (สีน้ำเงิน) หน้ากว้าง 3.00 ม.,-1.0,-
RM7070908007,ผ้า Cooly Cool 333 (สีอิฐแดง) หน้ากว้าง 3.00 ม.,-1.0,-
RM7070915001,ผ้า Extra Block -Beige 311076 หน้ากว้าง 3.00 ม.,0.0,-
RM7070915002,ผ้า Extra Block -Latte 311083 หน้ากว้าง 3.00 ม.,0.0,-
RM7070915003,ผ้า Extra Block -Cream 311077 หน้ากว้าง 3.00 ม.,0.0,-
RM7070915004,ผ้า Extra Block -Sunblaze 311082 หน้ากว้าง 3.00 ม.,-1.0,-
RM7070915005,ผ้า Extra Block -Silver 311081 หน้ากว้าง 3.00 ม.,0.0,-
RM7070969001,ผ้า Extra Block -Cream 311077 หน้ากว้าง 3.00 ม.,-1.0,-
RM7071007040,ผ้า Ferrari Translucent 402-1399 (สีขาวโปร่งแสง) หน้ากว้าง 2.67 ม.,-1.0,-
RM7071013001,ผ้า Newport Translucent White F/R หน้ากว้าง 2.50 ม.,-1.0,-
RM7071013002,ผ้า Newport Translucent Natural F/R หน้ากว้าง 2.50 ม.,-1.0,-
RM7071013003,ผ้า Newport Translucent -Barley F/R หน้ากว้าง 2.50 ม.,-1.0,-
RM7071013004,ผ้า Newport Translucent -Dove F/R หน้ากว้าง 2.50 ม.,-1.0,-
RM7071064020,ผ้า UV Sun Block -Blue 311087 หน้ากว้าง 3.00 m.,-1.0,-
RM7071064021,ผ้า UV Sun Block -Silver 311086 หน้ากว้าง 3.00 m.,-1.0,-
RM7071064022,ผ้า UV Sun Block -Green 311089 หน้ากว้าง 3.00 m.,-1.0,-
RM7071064023,ผ้า UV Sun Block -Glod 311085 หน้ากว้าง 3.00 m.,-1.0,-
RM7071064024,ผ้า UV Sun Block -Terracotta 311088 หน้ากว้าง 3.00 m.,-1.0,-
RM7071207001,Sunbrella Plus Burgundy 5034 หน้ากว้าง 1.20 ม./ ยาว 60 เมตร,-1.0,-
RM7071207002,Sunbrella Plus Forest Green 5040 หน้ากว้าง 1.20 ม.,-1.0,-
RM7071207003,Sunbrella Plus Cadet Gray 5033 หน้ากว้าง 1.20 ม./ ยาว 60 เมตร,-1.0,-
RM7071207004,Sunbrella Plus Charcoal Grey 5049 หน้ากว้าง 1.20 ม./ ยาว 60 เมตร,-1.0,-
RM7071207005,Sunbrella Plus Black 5032 หน้ากว้าง 1.20 ม. / ยาว 60 เมตร,-1.0,-
RM7071207006,Sunbrella Plus Green 5021 หน้ากว้าง 1.20 ม.,-1.0,-
RM7071207007,Sunbrella Plus Dune 5026 หน้ากว้าง 1.20 ม.,-1.0,-
RM7071207008,Sunbrella Plus Paris Red 5029 หน้ากว้าง 1.20 ม./ ยาว 60 เมตร,-1.0,-
RM7071207009,Sunbrella Plus Limen Tweed 5018 หน้ากว้าง 1.20 ม.,-1.0,-
RM7071207010,Sunbrella Plus Marine Blue 5031 หน้ากว้าง 1.20 ม.,-1.0,-
RM7071207011,Sunbrella Plus Orange 5024 หน้ากว้าง 1.20 ม.,-1.0,-
RM70712070112,Sunbrella Plus Brown 4026 หน้ากว้าง 1.20 ม./ยาว 60 เมตร,-1.0,-
RM7071207012,Sunbrella Plus Beaver 5072 หน้ากว้าง 1.20 ม/.,-1.0,-
RM7071207050,Verastor Tape ( 26.30 m./1 roll ),-1.0,-
RM7071269020,Sunbrella Style# 5704 Black/White หน้ากว้าง 1.20 ม.,54.25,-
RM7071307001,ผ้า Ferrari Stam 6002-20165 หน้ากว้าง 2.60 ม.,-1.0,-
RM7071307002,ผ้า Ferrari 802-8341-S2 สีครีม หน้ากว้าง 2.67 ม.,-1.0,-
RM7071307003,ผ้า Ferrari 802-8604-S2 สีขาว หน้ากว้าง 2.67 ม.,-1.0,-
RM7071307004,ผ้า Ferrari 702-8604S2 สีขาว หน้ากว้าง 2.50 ม.,76.7,-
RM7071307006,ผ้า Sioen T-2108 (1050g) สีขาว 9909 หน้ากว้าง 2.50 ม.,-1.0,-
RM7071307007,ผ้า Ferrari 86-2003 (ผ้าตาข่าย) หน้ากว้าง 1.77 ม.,-1.0,-
RM7071307024,ผ้า Ferrari 1202T2-1746 หน้ากว้าง 1.78 ม.,-1.0,-
RM7071308001,Sunbrella Plus Turquoise 4610 หน้ากว้าง 1.20 ม.,-1.0,-
RM7071309001,ผ้า Sioen M-5550 (250g) สีขาว 9917 (ผ้าตาข่าย) หน้ากว้าง 3.20 ม. ยาว 50 เมตร,850.0,-
RM7071309002,ผ้า Sioen B-7122 (580 g) สีครีม 9920 หน้ากว้าง 2.50 ม.,150.0,-
RM7071311001,ผ้าคลุมรถ ขนาด 5 x 7 (NYLO BLUE)/(23.59 X 16.4)/สำเร็จรูป,-1.0,-
RM7071311002,ผ้าคลุมรถ ขนาด 6 x 9 (NYLO BLUE)/(19.68 x 30.18)/สำเร็จรูป,-1.0,-
RM7071311003,ผ้า Sioen P-2354 สีขาว 9917 หน้ากว้าง 3.00 ม.,55.0,-
RM7071401001,ผ้า PVC HC สีเทา+ ขาว หน้ากว้าง 1.07 เมตร,-1.0,-
RM7071401002,ผ้า Sunbrella Furniture สีขาวสลับกรมท่า 3722-0023 หน้ากว้าง 1.40 ม.,-1.0,-
RM7071401003,ผ้า Sunbrella Acrylic สีเขียวมรกตสลับดำ 4605 หน้ากว้าง 1.20 ม.,-1.0,-
RM7071402001,ผ้า Super EG888 สีเขียวขี้ม้า หน้ากว้าง 1.07 ม.,33.0,-
RM7071402002,ผ้า Sunbrella Acrylic สีขาว 6004-000 หน้ากว้าง 1.50 เมตร,-1.0,-
RM7071402003,ผ้า Polyester สีขาว หน้ากว้าง 1.50 เมตร (เคลือบหน้าเดียว),0.0,-
RM90520AA021,ผ้าสานสีน้ำเงิน/หน้าเดียว (63 เมตร/ม้วน),441.0,-
